yf_ticker,first,last,years,n_rows
500D.L,2021-11-05,2026-06-01,4.57,1150
500G.L,2010-07-02,2026-06-02,15.92,4017
5ESG.L,2019-03-25,2026-06-02,7.19,1814
5HED.L,2024-05-13,2026-06-01,2.05,517
AAPY.L,2024-10-11,2026-06-02,1.64,413
AASG.L,2011-05-11,2026-06-02,15.06,3801
ACWD.L,2011-05-16,2026-06-02,15.05,3800
ADIY.L,2026-03-30,2026-06-02,0.18,43
ADPT.L,2025-10-13,2026-06-01,0.63,159
AEGG.L,2021-12-07,2026-06-02,4.48,1129
AEMU.L,2021-02-04,2026-06-02,5.32,1342
AGBP.L,2017-11-21,2026-06-02,8.53,2152
AGED.L,2016-09-08,2026-06-02,9.73,2456
AGGB.L,2026-05-20,2026-05-20,0.0,1
AGGG.L,2017-11-21,2026-06-02,8.53,2152
AGGU.L,2017-11-21,2026-06-02,8.53,2152
AGRU.L,2026-05-20,2026-05-20,0.0,1
AIAI.L,2019-06-26,2026-06-02,6.93,1751
AIGA.L,2010-01-04,2026-06-02,16.41,4145
AIGC.L,2010-01-04,2026-06-02,16.41,4145
AIGE.L,2010-01-04,2026-06-02,16.41,4145
AIGG.L,2010-01-04,2026-06-02,16.41,4145
AIGI.L,2010-01-04,2026-06-02,16.41,4145
AIGL.L,2010-01-04,2026-06-02,16.41,4145
AIGO.L,2010-01-04,2026-06-02,16.41,4145
AIGP.L,2010-01-04,2026-06-02,16.41,4145
AIGS.L,2010-01-04,2026-06-02,16.41,4145
AINF.L,2024-12-09,2026-06-02,1.48,371
AIPO.L,2026-03-27,2026-06-02,0.18,44
AIQU.L,2024-09-16,2026-06-02,1.71,431
AIRR.L,2025-08-11,2026-06-02,0.81,202
ALAG.L,2011-05-11,2026-06-02,15.06,3801
ALLW.L,2026-04-08,2026-06-02,0.15,38
ALUM.L,2010-01-04,2026-06-02,16.41,4145
ALYU.L,2026-06-01,2026-06-01,0.0,1
AMAL.L,2020-09-28,2026-06-02,5.68,1432
AMAY.L,2026-03-30,2026-06-02,0.18,43
AMZI.L,2024-10-11,2026-06-02,1.64,413
ANDO.L,2026-03-30,2026-06-02,0.18,43
ANRJ.L,2010-09-28,2026-06-02,15.68,3958
AQWA.L,2021-12-07,2026-06-02,4.48,1128
AREG.L,2023-02-22,2026-06-02,3.27,809
ARIY.L,2026-03-30,2026-06-02,0.18,43
ARKG.L,2024-04-22,2026-06-02,2.11,534
ARKI.L,2024-04-22,2026-06-02,2.11,534
ARKK.L,2024-04-22,2026-06-02,2.11,534
ARKX.L,2025-11-10,2026-06-02,0.56,140
ARMI.L,2026-03-30,2026-06-01,0.17,42
ARMR.L,2024-09-16,2026-06-02,1.71,431
ARMY.L,2025-04-07,2026-06-02,1.15,289
ASDV.L,2013-05-14,2026-06-02,13.05,3297
ASIU.L,2019-02-22,2026-06-01,7.27,1832
ASMY.L,2026-03-30,2026-06-01,0.17,42
ASPY.L,2022-09-07,2026-06-02,3.73,940
AT1.L,2018-06-19,2026-06-02,7.95,2009
AT1D.L,2018-09-25,2026-06-01,7.68,1937
AUAD.L,2017-09-18,2026-06-02,8.7,2197
AUCO.L,2010-01-04,2026-06-02,16.41,4145
AUEG.L,2010-12-21,2026-06-02,15.45,3896
AVEM.L,2025-03-24,2026-06-02,1.19,299
AVGC.L,2024-10-14,2026-06-02,1.63,411
AVGS.L,2024-10-14,2026-06-02,1.63,411
AVGY.L,2025-07-07,2026-06-02,0.9,229
AVUE.L,2026-02-23,2026-06-02,0.27,67
AWEX.L,2026-04-08,2026-06-02,0.15,38
AXEE.L,2024-08-05,2026-06-02,1.82,460
BABY.L,2025-07-07,2026-06-02,0.9,229
BATT.L,2018-01-18,2026-06-02,8.37,2113
BB3M.L,2021-02-17,2026-06-02,5.29,1332
BBCS.L,2022-08-18,2026-06-02,3.79,953
BBEG.L,2019-05-03,2026-06-01,7.08,1784
BBIL.L,2019-07-09,2026-06-02,6.9,1741
BBTP.L,2019-05-16,2026-06-02,7.05,1778
BBTR.L,2019-04-25,2026-06-01,7.1,1791
BBUS.L,,,0,0
BCHN.L,2019-03-08,2026-06-02,7.24,1824
BCOM.L,2017-07-06,2026-06-02,8.91,2249
BENE.L,2019-02-27,2026-06-02,7.26,1832
BIOT.L,2018-01-18,2026-06-02,8.37,2113
BITP.L,2025-02-03,2026-06-02,1.33,333
BKCH.L,2022-01-21,2026-06-02,4.36,1098
BLCY.L,2026-06-02,2026-06-02,0.0,1
BLKC.L,2024-01-12,2026-06-02,2.39,598
BLOK.L,2018-04-09,2026-06-02,8.15,2056
BMNY.L,2026-03-30,2026-06-02,0.18,43
BNKE.L,2019-07-23,2026-06-02,6.86,1730
BNKS.L,2018-05-22,2026-06-02,8.03,2028
BOTG.L,2021-11-16,2026-06-02,4.54,1142
BOTZ.L,2021-11-16,2026-06-02,4.54,1143
BRIJ.L,2024-09-09,2026-06-02,1.73,435
BRKY.L,2026-06-02,2026-06-02,0.0,1
BRND.L,2015-03-31,2026-06-02,11.17,2821
BRNT.L,2012-02-22,2026-06-02,14.28,3604
BRT3.L,2026-05-06,2026-05-06,0.0,1
BRTG.L,2026-05-28,2026-05-28,0.0,1
BRTU.L,2026-05-20,2026-05-20,0.0,1
BTC3.L,2025-04-14,2026-06-02,1.13,283
BTEE.L,2018-03-05,2026-06-02,8.24,2081
BTEK.L,2017-10-19,2026-06-02,8.62,2174
BTIP.L,2024-05-28,2026-06-02,2.01,509
BUFE.L,2023-05-15,2026-06-01,3.05,770
BUGG.L,2021-11-16,2026-06-02,4.54,1142
BULL.L,2010-01-04,2026-06-02,16.41,4145
BUYB.L,2014-10-24,2026-06-02,11.61,2930
C024.L,2026-06-02,2026-06-02,0.0,1
C50U.L,2021-02-02,2026-06-02,5.33,1342
CAPU.L,2015-06-22,2026-06-02,10.95,2763
CARB.L,2010-01-04,2026-06-02,16.41,4143
CATB.L,2025-12-15,2026-06-02,0.46,115
CATL.L,2010-01-04,2026-06-02,16.41,4145
CAUT.L,2023-03-28,2026-06-02,3.18,800
CBND.L,2019-10-22,2026-06-02,6.61,1667
CBRX.L,2024-10-29,2026-06-02,1.59,400
CBTU.L,2024-11-04,2026-06-02,1.57,395
CBU7.L,2010-11-05,2026-06-02,15.57,3929
CBUG.L,2019-02-27,2026-06-02,7.26,1830
CCAU.L,2010-01-13,2026-06-02,16.38,4136
CCBO.L,2018-05-14,2026-06-02,8.05,2034
CCUA.L,2020-01-16,2026-06-02,6.38,1606
CE01.L,2010-01-04,2026-06-01,16.41,4141
CE31.L,2010-01-04,2026-06-02,16.41,4141
CE71.L,2010-01-04,2026-06-02,16.41,4143
CEA1.L,2010-08-10,2026-06-02,15.81,3991
CEGI.L,2025-07-07,2026-06-02,0.9,228
CEMG.L,2014-06-06,2026-06-02,11.99,3029
CEMR.L,,,0,0
CES1.L,2010-01-04,2026-06-02,16.41,4142
CESG.L,2021-03-09,2026-06-01,5.23,1317
CEU2.L,2021-02-02,2026-06-02,5.33,1342
CEUG.L,2018-05-31,2026-06-02,8.01,2022
CHIN.L,2023-10-19,2026-06-02,2.62,659
CHNX.L,2024-06-21,2026-06-02,1.95,490
CHPX.L,2026-01-05,2026-06-02,0.41,103
CHPY.L,2026-03-02,2026-06-02,0.25,63
CHTE.L,2021-03-05,2026-06-02,5.24,1316
CIBR.L,2020-05-20,2026-06-02,6.03,1522
CJPU.L,2010-01-11,2026-06-02,16.39,4140
CLGH.L,2026-03-31,2026-06-02,0.17,42
CLMU.L,2017-02-21,2026-06-02,9.28,2322
CLO.L,2021-11-02,2026-06-02,4.58,1153
CLOD.L,2025-02-13,2026-06-01,1.3,324
CMB1.L,2010-01-26,2026-06-02,16.35,4121
CMBG.L,2026-05-20,2026-05-20,0.0,1
CMBU.L,2026-05-21,2026-05-21,0.0,1
CMCI.L,2026-04-27,2026-04-27,0.0,1
CMCU.L,2026-05-27,2026-05-27,0.0,1
CMGB.L,2026-06-01,2026-06-01,0.0,1
CMGG.L,2026-06-01,2026-06-01,0.0,1
CMGU.L,2026-06-02,2026-06-02,0.0,1
CMOD.L,2017-01-09,2026-06-02,9.39,2373
CMXC.L,2010-09-30,2026-06-02,15.67,3944
CNDX.L,2010-09-15,2026-06-02,15.71,3961
CNEW.L,2021-09-24,2026-06-02,4.69,1180
CNKY.L,2010-01-26,2026-06-02,16.35,4127
CNYA.L,2015-04-08,2026-06-02,11.15,2817
CNYB.L,2019-07-24,2026-06-02,6.86,1712
CO2U.L,2021-10-18,2026-06-02,4.62,1164
COCB.L,2018-05-14,2026-06-02,8.05,2034
COCO.L,2010-01-04,2026-06-02,16.41,4145
CODL.L,2023-11-07,2026-06-01,2.57,647
CODO.L,2018-08-21,2026-06-01,7.78,1963
COFF.L,2010-01-04,2026-06-02,16.41,4145
COFU.L,2026-05-20,2026-05-20,0.0,1
COGO.L,2018-08-21,2026-06-02,7.78,1964
COIY.L,2024-10-11,2026-06-02,1.64,413
COMF.L,2010-03-15,2026-06-02,16.22,4095
COMG.L,2010-01-04,2026-06-02,16.41,4090
COMN.L,2025-11-24,2026-06-02,0.52,129
COPA.L,2010-01-04,2026-06-02,16.41,4145
COPR.L,2023-04-11,2026-06-02,3.14,793
COPX.L,2021-11-22,2026-06-02,4.53,1139
CORN.L,2010-01-04,2026-06-02,16.41,4145
CORP.L,2012-09-24,2026-06-02,13.69,3458
CORU.L,2026-05-29,2026-05-29,0.0,1
COTN.L,2010-01-04,2026-06-02,16.41,4145
CP9G.L,2018-02-14,2026-06-02,8.3,2083
CPPR.L,2023-12-06,2026-06-02,2.49,627
CPRY.L,2026-06-02,2026-06-02,0.0,1
CPXJ.L,2010-09-28,2026-06-02,15.68,3953
CRCY.L,2026-03-30,2026-06-02,0.18,43
CRHG.L,2018-03-21,2026-06-02,8.2,2069
CRPA.L,2018-05-10,2026-06-02,8.06,2036
CRPU.L,2017-08-09,2026-06-02,8.81,2225
CRRP.L,2026-01-28,2026-06-01,0.34,85
CRRY.L,2025-05-12,2026-06-01,1.05,267
CRU1.L,2022-03-04,2022-03-04,0.0,1
CRUD.L,2010-01-04,2026-06-02,16.41,4145
CRWY.L,2026-03-30,2026-06-02,0.18,43
CS1.L,2024-04-08,2026-06-02,2.15,543
CSH2.L,2025-03-17,2026-06-02,1.21,305
CSKR.L,2010-09-17,2026-06-02,15.71,3963
CSWU.L,2010-06-17,2026-06-02,15.96,4028
CT2B.L,2020-03-03,2026-06-02,6.25,1569
CTCE.L,2026-02-02,2026-06-02,0.33,82
CTEK.L,2021-11-16,2026-06-02,4.54,1143
CU1.L,2010-01-12,2026-06-02,16.39,4136
CU31.L,2010-01-04,2026-06-02,16.41,4141
CUKX.L,2010-09-16,2026-06-02,15.71,3965
CUS1.L,2010-01-04,2026-06-02,16.41,4138
CXAD.L,2026-06-01,2026-06-01,0.0,1
CYBO.L,2022-12-02,2026-06-02,3.5,880
CYBR.L,2020-02-12,2026-06-02,6.3,1590
CYCL.L,2023-05-24,2026-06-02,3.03,765
CYGB.L,2021-02-24,2026-06-02,5.27,1328
D26A.L,2023-08-10,2026-06-02,2.81,710
D28A.L,2023-08-10,2026-06-02,2.81,710
DAPP.L,2021-04-30,2026-06-02,5.09,1282
DBMF.L,2025-04-24,2026-06-02,1.11,277
DBRC.L,2010-01-04,2026-06-02,16.41,4143
DDGC.L,2025-11-24,2026-06-02,0.52,130
DDGT.L,2025-11-24,2026-06-02,0.52,130
DDUM.L,2026-03-23,2026-06-02,0.19,48
DDXM.L,2026-03-23,2026-06-02,0.19,48
DEAM.L,2025-04-14,2026-06-01,1.13,282
DEFV.L,2025-06-09,2026-06-02,0.98,247
DEMD.L,2014-11-14,2026-06-02,11.55,2915
DEMR.L,2016-11-02,2026-06-02,9.58,2418
DFE.L,2014-10-21,2026-06-02,11.61,2932
DFEP.L,2016-11-03,2026-06-02,9.58,2416
DFEU.L,2025-07-07,2026-06-02,0.9,228
DFND.L,2025-04-22,2026-06-02,1.11,273
DFNS.L,2023-03-31,2026-06-02,3.17,798
DFNX.L,2024-10-29,2026-06-02,1.59,400
DGRA.L,2016-06-03,2026-06-02,10.0,2525
DGRB.L,2023-07-31,2026-06-02,2.84,718
DGRW.L,2016-11-03,2026-06-02,9.58,2417
DGSD.L,2014-11-14,2026-06-02,11.55,2915
DGTL.L,2016-09-08,2026-06-02,9.73,2456
DGXU.L,2025-10-13,2026-06-02,0.64,159
DH2O.L,2010-01-04,2026-06-02,16.41,4144
DHSA.L,2016-11-03,2026-06-02,9.58,2417
DHSD.L,2014-10-21,2026-06-02,11.61,2933
DHSG.L,2016-11-02,2026-06-02,9.58,2418
DHYA.L,2019-11-15,2026-06-02,6.55,1648
DHYG.L,2021-09-13,2026-06-02,4.72,1190
DJIW.L,2026-04-27,2026-06-02,0.1,25
DJMC.L,2010-01-04,2026-06-02,16.41,4143
DJSC.L,2010-01-04,2026-06-02,16.41,4143
DLTM.L,2010-01-04,2026-06-02,16.41,4144
DMAD.L,2022-10-27,2026-06-02,3.6,905
DMAT.L,2022-09-07,2026-06-02,3.73,941
DOCT.L,2019-06-26,2026-06-02,6.93,1751
DPYA.L,2018-05-10,2026-06-02,8.06,2036
DPYE.L,2018-03-05,2026-06-02,8.24,2081
DPYG.L,2018-03-05,2026-06-02,8.24,2081
DRON.L,2026-03-06,2026-06-02,0.24,57
DRVE.L,2021-11-16,2026-06-02,4.54,1143
DRVG.L,2021-11-16,2026-06-02,4.54,1142
DTEC.L,2024-06-17,2026-06-02,1.96,495
DTLA.L,2018-05-10,2026-06-02,8.06,2036
DTLE.L,2017-09-21,2026-06-02,8.7,2195
DVDE.L,2025-09-10,2026-06-01,0.72,180
DVDG.L,2025-09-10,2026-06-01,0.72,180
DWLD.L,2024-06-26,2026-06-01,1.93,486
DXJ.L,2015-05-18,2026-06-02,11.04,2790
DXJA.L,2017-03-09,2026-06-02,9.23,2330
DXJG.L,2015-11-02,2026-06-02,10.58,2671
DXJP.L,2015-11-02,2026-06-02,10.58,2672
EATG.L,2026-01-28,2026-06-02,0.34,86
EATU.L,2026-01-28,2026-06-01,0.34,85
EBIZ.L,2021-11-16,2026-06-02,4.54,1143
EBXG.L,2025-03-17,2026-06-01,1.21,303
EBXU.L,2025-03-17,2026-06-01,1.21,303
ECAR.L,2019-02-20,2026-06-02,7.28,1837
ECOM.L,2018-01-18,2026-06-02,8.37,2113
EDG2.L,2019-10-24,2026-06-02,6.61,1665
EDOC.L,2020-12-18,2026-06-02,5.45,1372
EDOG.L,2020-12-21,2026-06-02,5.45,1370
EDVD.L,2011-10-13,2026-06-02,14.64,3694
EEDM.L,2019-10-24,2026-06-02,6.61,1666
EEDS.L,2019-03-08,2026-06-02,7.24,1825
EEI.L,2014-10-21,2026-06-02,11.61,2932
EEIA.L,2016-11-03,2026-06-02,9.58,2417
EEJD.L,2019-03-08,2026-06-02,7.24,1825
EEUD.L,2019-03-08,2026-06-02,7.24,1823
EEWD.L,2019-03-08,2026-06-02,7.24,1825
EEXF.L,2010-01-04,2026-06-01,16.41,4143
EGAS.L,2024-09-10,2026-06-02,1.72,435
EGMW.L,2019-11-22,2026-06-02,6.53,1643
EGRG.L,2016-06-29,2026-06-02,9.92,2506
EGRW.L,2016-11-03,2026-06-01,9.57,2416
EHYG.L,2023-04-28,2026-06-02,3.1,781
EIMI.L,2014-05-30,2026-06-02,12.01,3034
ELCR.L,2024-06-17,2026-06-02,1.96,495
EMAD.L,2011-05-16,2026-06-02,15.05,3800
EMAU.L,2021-05-28,2026-06-02,5.01,1264
EMBE.L,2013-07-08,2026-06-02,12.9,3260
EMCA.L,2018-05-31,2026-06-02,8.01,2022
EMCR.L,2012-04-17,2026-06-02,14.12,3567
EMCV.L,2022-06-27,2026-06-01,3.93,991
EMDD.L,2011-05-16,2026-06-02,15.05,3800
EMEE.L,2024-08-05,2026-06-02,1.82,459
EMES.L,2018-09-24,2026-06-02,7.69,1941
EMGA.L,2018-05-31,2026-06-02,8.01,2022
EMGM.L,2024-10-22,2026-06-02,1.61,406
EMGU.L,2018-03-06,2026-06-02,8.24,2065
EMH5.L,2014-11-12,2026-06-01,11.55,2915
EMHD.L,2016-05-27,2026-06-02,10.02,2529
EMHG.L,2018-03-21,2026-06-02,8.2,2069
EMID.L,2017-06-06,2026-06-02,8.99,2271
EMLB.L,2011-09-19,2026-06-02,14.7,3712
EMLC.L,2017-04-07,2026-06-02,9.15,2308
EMMV.L,2012-11-30,2026-06-02,13.5,3409
EMQQ.L,2018-10-02,2026-06-02,7.67,1935
EMRD.L,2011-05-16,2026-06-02,15.05,3800
EMSA.L,2018-09-24,2026-06-02,7.69,1941
EMSD.L,2011-05-16,2026-06-02,15.05,3800
EMUD.L,2019-06-17,2026-06-02,6.96,1756
EMUS.L,2021-01-15,2026-06-01,5.37,1355
EMUU.L,2015-06-30,2026-06-02,10.92,2760
EMVL.L,2018-12-06,2026-06-02,7.49,1882
EMXC.L,2019-06-20,2026-06-02,6.95,1755
EMXU.L,2021-10-21,2026-06-02,4.61,1162
ENCO.L,2021-07-05,2026-06-02,4.91,1239
ENEF.L,2010-01-04,2026-06-01,16.41,4144
ENGB.L,,,0,0
ENGE.L,2011-01-04,2026-06-02,15.41,3873
ENRU.L,2026-06-02,2026-06-02,0.0,1
EPI.L,2026-02-24,2026-06-02,0.27,67
EPRA.L,2016-11-11,2026-06-02,9.56,2405
EPRE.L,2010-01-04,2026-06-01,16.41,4138
EQDS.L,2017-06-12,2026-06-02,8.97,2265
EQGB.L,2017-10-17,2026-06-02,8.62,2177
EQQJ.L,2021-03-22,2026-06-02,5.2,1309
EQQQ.L,2010-01-04,2026-06-02,16.41,4143
EQQS.L,2021-03-22,2026-06-02,5.2,1310
ERO.L,2014-12-12,2026-06-02,11.47,2877
ES15.L,2011-03-30,2026-06-01,15.17,3828
ESDG.L,2019-10-24,2026-06-02,6.61,1663
ESEU.L,2021-03-10,2026-06-02,5.23,1316
ESGO.L,2021-07-02,2026-06-02,4.92,1240
ESGU.L,2019-06-13,2026-06-02,6.97,1759
ESGW.L,2019-06-13,2026-06-02,6.97,1759
ESIC.L,2020-11-17,2026-06-02,5.54,1395
ESIE.L,2020-11-18,2026-06-02,5.54,1364
ESIF.L,2020-11-18,2026-06-02,5.54,1394
ESIH.L,2020-11-17,2026-06-02,5.54,1395
ESIN.L,2021-05-14,2026-06-02,5.05,1273
ESIS.L,2020-11-17,2026-06-02,5.54,1365
ESIT.L,2020-11-18,2026-06-02,5.54,1394
ESPO.L,2019-06-24,2026-06-02,6.94,1752
ESWP.L,2026-03-05,2026-06-02,0.24,59
ESXY.L,2026-06-02,2026-06-02,0.0,1
ET32.L,2025-04-16,2026-06-02,1.13,281
ETHC.L,2025-09-29,2026-06-02,0.67,168
ETHP.L,2025-02-03,2026-06-02,1.33,333
EUDV.L,2012-02-29,2026-06-02,14.26,3597
EUE.L,2010-01-04,2026-06-02,16.41,4143
EUEE.L,2024-08-05,2026-06-02,1.82,460
EUHD.L,2016-01-25,2026-06-02,10.35,2613
EUMD.L,2017-05-22,2026-06-02,9.03,2281
EUN.L,2010-01-04,2026-06-02,16.41,4069
EUPA.L,2020-07-29,2026-06-01,5.84,1471
EUSD.L,2025-09-08,2026-06-02,0.73,183
EUSR.L,2020-04-30,2026-06-02,6.09,1535
EUXS.L,2015-03-31,2026-06-02,11.17,2821
EVAL.L,2015-02-18,2026-06-02,11.29,2848
EWQX.L,2023-07-10,2026-06-02,2.9,731
EWSP.L,2022-08-02,2026-06-02,3.83,965
EXCN.L,2024-10-22,2026-06-02,1.61,406
EXCS.L,2021-04-27,2026-06-02,5.1,1282
EXUS.L,2024-03-06,2026-06-02,2.24,565
EYED.L,2022-10-07,2026-06-02,3.65,920
FAAA.L,2024-09-26,2026-06-01,1.68,421
FAGR.L,2010-01-04,2026-06-02,16.41,4145
FAIG.L,2010-01-04,2026-06-01,16.41,4144
FANG.L,2021-03-04,2026-06-02,5.25,1322
FASE.L,2021-03-10,2026-06-02,5.23,1317
FBRT.L,2012-02-22,2026-06-02,14.28,3604
FBTC.L,2025-09-29,2026-06-02,0.67,168
FBTU.L,2020-05-20,2026-06-02,6.03,1522
FCHP.L,2024-12-11,2026-06-02,1.47,368
FCRU.L,2010-01-04,2026-06-02,16.41,4145
FDIU.L,2017-01-17,2026-06-02,9.37,2366
FDN.L,2018-06-18,2026-06-02,7.96,2008
FEDF.L,2015-06-05,2026-06-02,10.99,2776
FEGI.L,2025-07-21,2026-06-02,0.87,219
FEM.L,2013-04-09,2026-06-01,13.14,3319
FEMI.L,2017-10-30,2026-06-02,8.59,2167
FEMP.L,2021-03-25,2026-06-02,5.19,1306
FEP.L,2024-05-16,2026-06-01,2.04,516
FEPI.L,2025-07-21,2026-06-02,0.87,219
FEQD.L,2017-10-30,2026-06-02,8.59,2166
FEQP.L,2017-11-29,2026-06-02,8.51,2145
FEUI.L,2019-09-09,2026-06-02,6.73,1697
FEUR.L,2020-06-03,2026-06-01,5.99,1511
FEUZ.L,2014-10-21,2026-06-02,11.61,2931
FEX.L,2013-04-09,2026-06-02,13.15,3320
FFS1.L,2025-09-22,2026-06-02,0.69,173
FGBL.L,2015-08-28,2026-06-02,10.76,2715
FGGG.L,2023-07-26,2026-06-01,2.85,719
FGLR.L,2020-05-27,2026-06-02,6.02,1518
FGQI.L,2017-03-27,2026-06-02,9.18,2317
FHYG.L,2022-11-07,2026-06-02,3.57,899
FHYP.L,2022-11-07,2026-06-02,3.57,898
FIDE.L,2024-04-29,2026-06-02,2.09,528
FIND.L,2010-01-04,2026-06-01,16.41,4144
FING.L,2021-11-16,2026-06-02,4.54,1142
FINX.L,2021-11-16,2026-06-02,4.54,1143
FKU.L,2013-04-09,2026-06-02,13.15,3321
FLOA.L,2018-03-21,2026-06-02,8.2,2069
FLOS.L,2017-08-31,2026-06-02,8.75,2210
FLOT.L,2017-07-10,2026-06-02,8.9,2247
FLPE.L,2021-12-09,2026-06-02,4.48,1126
FLQA.L,2018-09-27,2026-06-02,7.68,1937
FLUC.L,2018-06-25,2026-06-02,7.94,2004
FLXB.L,2019-06-04,2026-06-02,7.0,1766
FLXC.L,2019-06-04,2026-06-02,7.0,1766
FLXD.L,2017-09-06,2026-06-02,8.74,2204
FLXI.L,2019-06-25,2026-06-02,6.94,1751
FLXJ.L,2024-07-29,2026-06-01,1.84,464
FLXK.L,2019-06-04,2026-06-02,7.0,1766
FLXT.L,2022-03-21,2026-06-02,4.2,1057
FOFD.L,2023-07-05,2026-06-01,2.91,734
FOHW.L,2023-07-05,2026-06-02,2.91,735
FOOD.L,2020-08-27,2026-06-02,5.76,1453
FPX.L,2015-08-14,2026-06-02,10.8,2725
FREM.L,2017-10-17,2026-06-01,8.62,2175
FRGD.L,2017-09-06,2026-06-02,8.74,2205
FRGP.L,2022-10-07,2026-06-02,3.65,921
FRUE.L,2017-09-06,2026-06-02,8.74,2205
FSEM.L,2021-03-25,2026-06-01,5.19,1305
FSMF.L,2021-03-23,2026-06-01,5.19,1307
FT1K.L,2016-02-01,2026-06-02,10.33,2608
FTAD.L,2018-05-14,2026-06-02,8.05,2032
FTAL.L,2012-02-28,2026-06-02,14.26,3599
FTAW.L,2026-05-18,2026-06-02,0.04,11
FTCS.L,2020-01-23,2026-06-02,6.36,1603
FTEI.L,2026-02-09,2026-06-02,0.31,77
FTEK.L,2017-03-09,2026-06-02,9.23,2330
FTFX.L,2017-07-27,2026-06-02,8.85,2233
FTMO.L,2024-08-05,2026-06-01,1.82,459
FTWD.L,2023-06-26,2026-06-02,2.93,742
FUIP.L,2023-10-18,2026-06-01,2.62,660
FUSA.L,2017-03-27,2026-06-02,9.18,2317
FUSD.L,2017-03-27,2026-06-02,9.18,2317
FUSP.L,2017-11-20,2026-06-02,8.53,2152
FUSR.L,2020-05-21,2026-06-02,6.03,1521
FVD.L,2020-02-11,2026-06-02,6.31,1590
FVUG.L,2019-04-29,2026-06-01,7.09,1788
FWRA.L,2023-06-26,2026-06-02,2.93,742
FWSD.L,2023-06-26,2026-06-02,2.93,742
FXC.L,2010-01-04,2026-06-02,16.41,4143
FXRU.L,2013-02-11,2022-03-29,9.13,2310
G500.L,2020-06-30,2026-06-02,5.92,1495
GAAA.L,2018-06-29,2026-06-02,7.93,2001
GAGU.L,2021-02-02,2026-06-02,5.33,1341
GBPG.L,2021-09-07,2026-06-02,4.73,1193
GBS.L,2010-01-04,2026-06-02,16.41,4145
GBSP.L,2013-03-18,2026-06-02,13.21,3336
GCGB.L,2026-05-21,2026-05-21,0.0,1
GCSG.L,2021-11-05,2026-06-02,4.57,1151
GCVB.L,2014-10-14,2026-06-02,11.63,2937
GCVG.L,2022-01-31,2026-06-02,4.33,1092
GDIG.L,2018-04-18,2026-06-02,8.12,2050
GDX.L,2015-03-25,2026-06-02,11.19,2824
GDXJ.L,2015-03-25,2026-06-02,11.19,2824
GEDV.L,2021-06-02,2026-06-02,5.0,1261
GEP.L,2024-05-16,2026-06-02,2.05,517
GFA.L,2018-03-19,2026-06-02,8.21,2070
GGRA.L,2016-06-03,2026-06-02,10.0,2525
GGRB.L,2023-03-20,2026-06-02,3.2,808
GGRW.L,2016-11-02,2026-06-02,9.58,2418
GHYG.L,2019-04-26,2026-06-02,7.1,1792
GHYS.L,2013-06-25,2026-06-02,12.94,3249
GHYU.L,2024-06-11,2026-06-02,1.97,500
GIL5.L,2016-08-01,2026-06-02,9.83,2484
GILE.L,2017-09-22,2026-06-02,8.69,2194
GILG.L,2020-11-10,2026-06-02,5.56,1401
GILI.L,2010-12-01,2026-06-02,15.5,3911
GILS.L,2010-12-01,2026-06-02,15.5,3913
GISG.L,2021-04-06,2026-06-02,5.16,1301
GIST.L,2019-01-23,2026-06-02,7.36,1856
GLDA.L,2019-05-23,2026-06-02,7.03,1772
GLDE.L,2024-09-02,2026-06-02,1.75,441
GLDU.L,2026-05-20,2026-05-20,0.0,1
GLDV.L,2013-05-14,2026-06-02,13.05,3297
GLMY.L,2026-06-02,2026-06-02,0.0,1
GLRA.L,2019-10-16,2026-06-02,6.63,1521
GLRE.L,2012-10-24,2026-06-02,13.6,3435
GLT5.L,2019-03-18,2026-06-02,7.21,1818
GLTL.L,2012-05-17,2026-06-02,14.04,3545
GLTP.L,2019-03-18,2026-06-02,7.21,1818
GLTS.L,2012-05-17,2026-06-02,14.04,3545
GLTY.L,2012-05-17,2026-06-02,14.04,3545
GLUG.L,2019-06-26,2026-06-02,6.93,1751
GLXY.L,2026-03-30,2026-06-02,0.18,43
GNOM.L,2021-11-02,2026-06-02,4.58,1153
GOAT.L,2020-07-07,2026-06-02,5.9,1489
GOOI.L,2024-10-11,2026-06-02,1.64,413
GOUD.L,2020-06-24,2026-06-01,5.94,1497
GOVE.L,2025-02-11,2026-06-02,1.3,329
GOVG.L,2021-07-13,2026-06-01,4.88,1227
GOVH.L,2025-10-24,2026-06-01,0.6,150
GOVP.L,2019-09-12,2026-06-02,6.72,1696
GR8.L,2023-07-24,2026-06-02,2.86,722
GRDU.L,2022-04-14,2026-06-02,4.13,1039
GRWY.L,2026-06-02,2026-06-02,0.0,1
GSLC.L,2019-09-23,2026-06-02,6.69,1688
GSPX.L,2018-06-29,2026-06-02,7.93,2001
GT15.L,2025-07-16,2026-06-02,0.88,221
H50A.L,2022-06-29,2026-06-02,3.93,989
H50E.L,2010-01-04,2026-06-02,16.41,4144
HBKU.L,2023-09-12,2026-06-02,2.72,686
HCAN.L,2011-02-24,2026-06-02,15.27,3853
HCAU.L,2025-06-02,2026-06-01,1.0,253
HCHS.L,2022-07-12,2026-06-02,3.89,981
HDLV.L,2015-05-11,2026-06-02,11.06,2795
HDRO.L,2021-03-26,2026-06-02,5.19,1305
HEAL.L,2016-09-08,2026-06-02,9.73,2456
HEAT.L,2010-01-04,2026-06-02,16.41,4145
HEDG.L,2015-11-02,2026-06-02,10.58,2671
HEDJ.L,2015-05-18,2026-06-02,11.04,2789
HEDK.L,2016-11-02,2026-06-02,9.58,2418
HEDP.L,2015-11-02,2026-06-01,10.58,2671
HEMC.L,2022-06-28,2026-06-02,3.93,991
HERG.L,2020-12-18,2026-06-02,5.45,1371
HERU.L,2020-12-18,2026-06-02,5.45,1372
HESS.L,2022-11-03,2026-06-02,3.58,901
HGBP.L,2025-12-01,2026-06-02,0.5,125
HIDR.L,2011-03-30,2026-06-02,15.18,3829
HIEM.L,2023-01-12,2026-06-02,3.39,855
HIEU.L,2022-12-05,2026-06-02,3.49,879
HIGG.L,2023-09-22,2026-06-02,2.69,680
HIGH.L,2017-09-21,2026-06-02,8.7,2195
HIJP.L,2023-09-27,2026-06-02,2.68,677
HINS.L,2023-09-20,2026-06-02,2.7,681
HIUS.L,2022-11-17,2026-06-02,3.54,891
HIWO.L,2022-11-30,2026-06-02,3.5,883
HKOR.L,2011-04-06,2026-06-02,15.16,3824
HLQD.L,2018-06-29,2026-06-02,7.93,2001
HMAD.L,2013-09-26,2026-06-02,12.68,3202
HMCA.L,2018-07-27,2026-06-02,7.85,1970
HMCD.L,2011-01-28,2026-06-02,15.34,3872
HMCX.L,2010-04-07,2026-06-02,16.15,4079
HMEM.L,2011-09-07,2026-06-02,14.74,3721
HMEU.L,2010-06-01,2026-06-02,16.0,4042
HMJD.L,2010-12-09,2026-06-02,15.48,3901
HMUS.L,2010-06-01,2026-06-02,16.0,4041
HMWD.L,2010-12-09,2026-06-02,15.48,3906
HMWS.L,2022-06-28,2026-06-02,3.93,991
HMXJ.L,2010-09-07,2026-06-02,15.73,3972
HNSC.L,2022-01-25,2026-06-02,4.35,1097
HOGS.L,2010-01-04,2026-06-02,16.41,4145
HOOY.L,2026-06-02,2026-06-02,0.0,1
HPAJ.L,2022-04-11,2026-06-02,4.14,1043
HPAO.L,2021-07-07,2026-06-02,4.9,1236
HPNS.L,2024-03-18,2026-06-02,2.21,556
HPRD.L,2011-06-21,2026-06-02,14.95,3776
HQED.L,2025-08-26,2026-06-02,0.77,194
HRUD.L,2011-07-05,2022-03-09,10.68,2701
HSEM.L,2020-08-27,2026-06-02,5.76,1453
HSEU.L,2020-06-04,2026-06-02,5.99,1513
HSJD.L,2020-06-04,2026-06-02,5.99,1513
HSPX.L,2010-05-14,2026-06-02,16.05,4052
HSTE.L,2020-12-09,2026-06-02,5.48,1379
HSUD.L,2020-06-04,2026-06-02,5.99,1513
HSUK.L,2020-10-08,2026-06-02,5.65,1424
HSWD.L,2020-07-09,2026-06-02,5.9,1488
HSXD.L,2020-08-20,2026-06-02,5.78,1458
HTWD.L,2011-03-30,2026-06-02,15.18,3831
HTWO.L,2021-02-10,2026-06-02,5.31,1338
HUKX.L,2010-01-04,2026-06-02,16.41,4144
HVPD.L,2018-12-10,2026-06-02,7.48,1873
HWSS.L,2022-10-21,2026-06-02,3.61,910
HWWA.L,2014-07-08,2026-06-02,11.9,3006
HWWS.L,2022-07-26,2026-06-02,3.85,971
HYEM.L,2018-03-20,2026-06-02,8.2,2069
HYFA.L,2016-09-01,2026-06-02,9.75,2462
HYGN.L,2022-02-07,2026-06-02,4.31,1087
HYGU.L,2017-11-16,2026-06-02,8.54,2155
HYLA.L,2017-10-19,2026-06-02,8.62,2175
HYLD.L,2012-11-13,2026-06-02,13.55,3422
HYSD.L,2022-08-03,2026-06-02,3.83,965
HYUS.L,2022-04-05,2026-06-02,4.16,1047
I500.L,2020-09-24,2026-06-02,5.69,1433
I50D.L,2025-06-02,2026-06-02,1.0,252
IAAA.L,2012-10-03,2026-06-02,13.66,3451
IAEX.L,2010-01-04,2026-06-02,16.41,4143
IAIX.L,2024-10-29,2026-06-02,1.59,400
IART.L,2025-01-21,2026-06-02,1.36,343
IAUP.L,2011-09-16,2026-06-02,14.71,3714
IAUS.L,2010-01-22,2026-06-02,16.36,4131
IB01.L,2019-02-20,2026-06-02,7.28,1837
IB1T.L,2025-10-20,2026-06-02,0.62,153
IBCI.L,2010-01-04,2026-06-02,16.41,4143
IBCX.L,2010-01-04,2026-06-02,16.41,4143
IBGL.L,2010-01-04,2026-06-02,16.41,4142
IBGM.L,2010-01-04,2026-06-02,16.41,4143
IBGS.L,2010-01-04,2026-06-02,16.41,4143
IBGX.L,2010-01-04,2026-06-02,16.41,4143
IBGY.L,2010-01-04,2026-06-01,16.41,4143
IBTA.L,2017-04-13,2026-06-02,9.14,2305
IBTC.L,,,0,0
IBTE.L,2018-04-10,2026-06-02,8.15,2057
IBTG.L,2018-04-10,2026-06-02,8.15,2057
IBTS.L,2010-01-04,2026-06-02,16.41,4143
IBTU.L,2019-02-20,2026-06-02,7.28,1837
ICBU.L,2017-04-25,2026-06-02,9.1,2298
ICLO.L,2025-02-10,2026-06-02,1.31,329
ICOM.L,2017-07-18,2026-06-02,8.87,2241
ID26.L,2023-08-10,2026-06-02,2.81,710
ID27.L,2023-09-06,2026-06-02,2.74,692
ID28.L,2023-08-10,2026-06-02,2.81,710
ID29.L,2024-05-31,2026-06-02,2.0,507
ID30.L,2024-05-31,2026-06-02,2.0,507
ID32.L,2024-11-11,2026-06-02,1.56,392
IDAP.L,2010-01-04,2026-06-02,16.41,4141
IDAR.L,2010-01-04,2026-06-02,16.41,4137
IDBZ.L,2010-01-04,2026-06-02,16.41,4141
IDGA.L,2024-03-28,2026-06-02,2.18,549
IDIN.L,2010-01-04,2026-06-02,16.41,4141
IDJG.L,2010-01-04,2026-06-02,16.41,4143
IDJP.L,2010-01-04,2026-06-02,16.41,4145
IDNA.L,2010-01-05,2026-06-02,16.41,4142
IDP6.L,2010-01-04,2026-06-02,16.41,4145
IDTG.L,2019-11-20,2026-06-02,6.53,1647
IDTL.L,2015-01-21,2026-06-02,11.36,2870
IDTM.L,2010-01-04,2026-06-02,16.41,4144
IDTP.L,2010-01-04,2026-06-02,16.41,4143
IDUP.L,2010-01-04,2026-06-02,16.41,4144
IDUS.L,2010-01-04,2026-06-02,16.41,4144
IDVY.L,2010-01-04,2026-06-02,16.41,4143
IDWP.L,2010-01-04,2026-06-02,16.41,4140
IDWR.L,2010-01-04,2026-06-02,16.41,4144
IE1G.L,2023-09-22,2026-06-02,2.69,680
IEAA.L,2017-09-21,2026-06-02,8.7,2195
IEAC.L,2010-01-04,2026-06-02,16.41,4145
IEAH.L,2018-03-21,2026-06-02,8.2,2069
IEDL.L,2018-02-23,2026-06-02,8.27,2087
IEDY.L,2011-11-25,2026-06-02,14.52,3664
IEEM.L,2010-01-04,2026-06-02,16.41,4143
IEER.L,2018-01-02,2022-02-25,4.15,1046
IEEU.L,2015-09-04,2026-06-02,10.74,2680
IEFS.L,2015-01-19,2026-06-02,11.37,2871
IEFV.L,2015-01-19,2026-06-02,11.37,2871
IEMA.L,2010-01-04,2026-06-02,16.41,4145
IEMB.L,2010-01-04,2026-06-02,16.41,4145
IEMD.L,2018-02-23,2026-06-02,8.27,2086
IEML.L,2011-06-20,2026-06-02,14.95,3777
IEMS.L,2010-01-04,2026-06-02,16.41,4140
IEMU.L,2010-01-12,2026-06-02,16.39,4124
IEQD.L,2018-02-23,2026-06-02,8.27,2087
IEQU.L,2015-01-19,2026-06-01,11.36,2870
IESG.L,2011-02-25,2026-06-02,15.27,3852
IEUX.L,2010-01-04,2026-06-02,16.41,4143
IFFF.L,2010-01-04,2026-06-02,16.41,4143
IFGH.L,2026-03-16,2026-06-01,0.21,52
IFSD.L,2018-02-23,2026-06-02,8.27,2086
IFSU.L,2015-09-04,2026-06-01,10.74,2712
IFSW.L,2015-09-04,2026-06-02,10.74,2713
IGAA.L,2018-05-31,2026-06-02,8.01,2019
IGBE.L,2020-02-26,2026-06-02,6.26,1579
IGBS.L,2024-10-07,2026-06-02,1.65,417
IGCB.L,2020-03-05,2026-06-02,6.24,1574
IGDA.L,2022-01-07,2026-06-02,4.4,1108
IGEA.L,2012-03-02,2026-06-02,14.25,3592
IGIL.L,2010-01-04,2026-06-02,16.41,4140
IGL5.L,2023-05-23,2026-06-02,3.03,766
IGLA.L,2017-10-19,2026-06-02,8.62,2175
IGLG.L,2022-07-05,2026-06-02,3.91,986
IGLH.L,2018-03-21,2026-06-02,8.2,2069
IGLN.L,2011-04-08,2026-06-02,15.15,3824
IGLO.L,2010-01-04,2026-06-02,16.41,4145
IGLS.L,2010-01-04,2026-06-02,16.41,4145
IGLT.L,2010-01-04,2026-06-02,16.41,4144
IGSU.L,2011-02-25,2026-06-02,15.27,3853
IGTM.L,2019-02-27,2026-06-02,7.26,1832
IGUS.L,2010-09-30,2026-06-02,15.67,3952
IGWD.L,2010-09-30,2026-06-02,15.67,3957
IHHG.L,2018-03-21,2026-06-02,8.2,2069
IHYA.L,2017-04-13,2026-06-02,9.14,2305
IHYE.L,2018-03-06,2026-06-02,8.24,2080
IHYU.L,2011-09-13,2026-06-02,14.72,3717
IJPA.L,2010-01-04,2026-06-02,16.41,4145
IJPD.L,2013-09-30,2026-06-02,12.67,3201
IJPE.L,2010-09-30,2026-06-02,15.67,3957
IJPH.L,2012-07-31,2026-06-02,13.84,3496
IJPU.L,2010-01-04,2026-06-02,16.41,4130
IKOR.L,2010-01-04,2026-06-02,16.41,4139
IKSA.L,2019-04-10,2026-06-02,7.15,1801
IKSD.L,2019-04-26,2026-06-02,7.1,1791
IMBA.L,2017-04-13,2026-06-02,9.14,2305
IMBS.L,2016-05-23,2026-06-02,10.03,2533
IMGP.L,2022-10-07,2026-06-02,3.65,921
IMIB.L,2026-03-09,2026-06-02,0.23,58
IMID.L,2011-05-16,2026-06-02,15.05,3800
IMVU.L,2012-11-30,2026-06-02,13.5,3382
INCU.L,2024-04-02,2026-06-02,2.17,547
INGH.L,2024-11-04,2026-06-02,1.57,397
INMG.L,2026-05-20,2026-05-20,0.0,1
INMU.L,2026-05-20,2026-05-20,0.0,1
INQQ.L,2023-11-15,2026-06-02,2.55,642
INRG.L,2010-01-04,2026-06-02,16.41,4142
INSX.L,2023-07-10,2026-06-02,2.9,731
INTY.L,2026-03-30,2026-06-02,0.18,43
INXG.L,2010-01-04,2026-06-02,16.41,4144
IOGP.L,2011-09-16,2026-06-02,14.71,3714
IPDM.L,2011-04-08,2026-06-02,15.15,3824
IPLT.L,2011-04-08,2026-06-02,15.15,3824
IPOL.L,2011-01-21,2026-06-02,15.36,3879
IPRP.L,2010-01-04,2026-06-02,16.41,4143
IPRV.L,2010-01-04,2026-06-02,16.41,4143
IPXE.L,2021-06-22,2026-06-02,4.94,1246
IPXJ.L,2010-01-04,2026-06-02,16.41,4145
IQGA.L,2025-05-19,2026-06-02,1.04,262
IQSA.L,2019-07-30,2026-06-02,6.84,1726
IRCP.L,2012-10-22,2026-06-02,13.61,3438
IREY.L,2026-03-30,2026-06-02,0.18,43
IRSA.L,2010-01-22,2026-06-02,16.36,4131
ISAC.L,2011-10-21,2026-06-02,14.61,3689
ISAG.L,2011-09-16,2026-06-02,14.71,3714
ISDE.L,2010-01-04,2026-06-02,16.41,4144
ISDU.L,2010-01-04,2026-06-02,16.41,4144
ISDW.L,2010-01-04,2026-06-02,16.41,4144
ISEU.L,2010-01-04,2026-06-02,16.41,4138
ISFD.L,2017-10-19,2026-06-02,8.62,2175
ISFE.L,2010-01-04,2026-06-02,16.41,4143
ISFR.L,2014-09-05,2026-06-02,11.74,2964
ISFU.L,2010-01-04,2026-06-02,16.41,4143
ISLN.L,2011-04-08,2026-06-02,15.15,3824
ISPE.L,2022-08-02,2026-06-02,3.83,966
ISX5.L,2010-01-26,2026-06-02,16.35,4117
ISXF.L,2010-01-04,2026-06-02,16.41,4145
ITEB.L,2022-10-07,2026-06-02,3.65,921
ITEH.L,2018-04-19,2026-06-02,8.12,2050
ITEK.L,2018-10-05,2026-06-02,7.66,1932
ITKY.L,2010-01-04,2026-06-02,16.41,4143
ITPG.L,2018-03-05,2026-06-02,8.24,2081
ITWN.L,2010-01-04,2026-06-02,16.41,4143
IUAA.L,2017-04-13,2026-06-02,9.14,2305
IUAE.L,2018-04-10,2026-06-02,8.15,2057
IUAG.L,2011-09-14,2026-06-02,14.72,3716
IUCD.L,2015-11-20,2026-06-02,10.53,2658
IUCM.L,2018-09-17,2026-06-02,7.71,1946
IUCS.L,2017-03-22,2026-06-02,9.2,2321
IUES.L,2015-11-20,2026-06-02,10.53,2658
IUFS.L,2015-11-20,2026-06-02,10.53,2658
IUGA.L,2018-04-10,2026-06-02,8.15,2057
IUHC.L,2015-11-20,2026-06-02,10.53,2658
IUIS.L,2017-03-22,2026-06-02,9.2,2321
IUIT.L,2015-11-20,2026-06-02,10.53,2658
IUKD.L,2010-01-04,2026-06-02,16.41,4144
IUKP.L,2010-01-04,2026-06-02,16.41,4145
IUMD.L,2018-02-23,2026-06-02,8.27,2087
IUMO.L,2016-10-13,2026-06-02,9.63,2432
IUMS.L,2017-03-22,2026-06-02,9.2,2321
IUQA.L,,,0,0
IUQD.L,2018-02-22,2026-06-02,8.27,2088
IUSZ.L,2016-10-13,2026-06-02,9.63,2432
IUUS.L,2017-03-22,2026-06-02,9.2,2321
IUVD.L,2018-02-22,2026-06-02,8.27,2088
IUVL.L,2016-10-13,2026-06-02,9.63,2432
IWDA.L,2010-01-04,2026-06-02,16.41,4145
IWDD.L,2025-02-24,2026-06-02,1.27,319
IWDE.L,2010-09-30,2026-06-02,15.67,3957
IWDG.L,2017-05-22,2026-06-02,9.03,2281
IWFV.L,2014-10-06,2026-06-02,11.66,2942
IWHG.L,2025-12-01,2026-06-01,0.5,124
IWMO.L,2014-10-06,2026-06-02,11.66,2944
IWQU.L,2014-10-06,2026-06-02,11.66,2944
IWSZ.L,2014-10-06,2026-06-02,11.66,2944
IWVU.L,2018-02-27,2026-06-02,8.26,2085
JAGG.L,2023-10-11,2026-06-01,2.64,665
JARI.L,2020-10-13,2026-06-02,5.63,1420
JCLG.L,2025-02-06,2026-06-02,1.32,331
JE13.L,2018-02-15,2023-07-13,5.4,1355
JEAE.L,2026-02-16,2026-06-02,0.29,72
JEDI.L,2022-06-24,2026-06-02,3.94,993
JEEP.L,2026-02-16,2026-06-02,0.29,72
JEGA.L,2023-11-30,2026-06-02,2.51,630
JEPG.L,2023-11-30,2026-06-02,2.51,630
JEPI.L,2024-10-29,2026-06-02,1.59,400
JEPQ.L,2024-10-29,2026-06-02,1.59,400
JEQA.L,2024-10-29,2026-06-02,1.59,400
JERE.L,2018-10-10,2026-06-02,7.64,1927
JG15.L,2018-06-06,2026-06-02,7.99,2017
JGEP.L,2021-12-08,2026-06-02,4.48,1127
JGHY.L,2020-02-04,2026-06-02,6.32,1595
JGLP.L,2025-09-15,2026-06-01,0.71,179
JHYP.L,2020-04-24,2026-06-02,6.11,1539
JOGS.L,2025-11-11,2026-06-02,0.56,139
JPEA.L,2017-04-13,2026-06-02,9.14,2305
JPGL.L,2019-07-09,2026-06-02,6.9,1741
JPHG.L,2018-04-03,2026-06-02,8.16,2060
JPHU.L,2018-03-26,2026-06-02,8.19,2064
JPJP.L,2015-11-30,2026-06-02,10.51,2650
JPMB.L,2018-02-15,2026-06-02,8.29,2092
JPNL.L,2010-01-04,2026-06-02,16.41,4106
JPSG.L,2022-06-28,2026-06-02,3.93,992
JPSR.L,2015-08-28,2026-06-02,10.76,2715
JR15.L,2018-12-05,2026-06-02,7.49,1888
JRAW.L,2024-12-10,2026-06-02,1.48,370
JRDG.L,2021-09-22,2026-06-02,4.69,1181
JRDM.L,2021-09-15,2026-06-02,4.71,1186
JREB.L,2018-12-05,2023-07-13,4.6,1152
JREG.L,2018-10-10,2026-06-02,7.64,1928
JREM.L,2016-10-13,2026-06-02,9.63,2426
JREU.L,2018-10-10,2026-06-02,7.64,1928
JRUB.L,2018-12-05,2026-06-02,7.49,1888
JRZE.L,2022-04-26,2026-06-02,4.1,1032
JU13.L,2018-06-06,2026-06-01,7.99,2016
JUKC.L,2022-06-14,2026-06-02,3.97,1001
JUKE.L,2022-06-14,2026-06-02,3.97,1001
JURY.L,2026-05-12,2026-06-02,0.06,15
KDOM.L,2026-05-05,2026-06-02,0.08,20
KFOR.L,2026-05-05,2026-06-02,0.08,20
KNGU.L,2025-12-01,2026-06-02,0.5,125
KOID.L,2025-11-17,2026-06-02,0.54,135
KRBP.L,2025-10-13,2026-06-02,0.64,158
KROP.L,2022-02-15,2026-06-02,4.29,1080
KRW.L,2019-02-22,2026-06-02,7.27,1833
KSA.L,2024-10-28,2026-06-02,1.59,402
KSTR.L,2021-05-26,2026-06-02,5.02,1265
KWBP.L,2020-10-01,2026-06-02,5.67,1424
KWEB.L,2018-11-20,2026-06-02,7.53,1899
L100.L,2010-01-04,2026-06-02,16.41,4140
LABL.L,2023-09-22,2026-06-02,2.69,680
LCAL.L,2024-11-25,2026-06-02,1.52,381
LCCN.L,2018-07-05,2026-06-02,7.91,1987
LCJG.L,2018-10-18,2026-06-02,7.62,1923
LCUK.L,2018-02-27,2026-06-02,8.26,2085
LDAP.L,2021-04-12,2026-06-01,5.14,1296
LDCU.L,2014-11-17,2026-06-02,11.54,2911
LDEG.L,2021-04-12,2026-06-02,5.14,1295
LDEM.L,2021-07-13,2026-06-02,4.89,1231
LDGA.L,2025-11-18,2026-06-02,0.54,134
LDGL.L,2026-01-12,2026-06-02,0.39,98
LDUK.L,2021-04-12,2026-06-02,5.14,1297
LEED.L,2010-01-04,2026-06-02,16.41,4145
LGAP.L,2018-11-09,2026-06-02,7.56,1907
LGEU.L,2018-11-09,2026-06-02,7.56,1907
LGGL.L,2018-11-09,2026-06-02,7.56,1907
LGJP.L,2018-11-09,2026-06-02,7.56,1907
LGUK.L,2018-11-09,2026-06-02,7.56,1907
LGUS.L,2018-11-09,2026-06-02,7.56,1907
LIFE.L,2021-07-14,2026-06-02,4.88,1232
LITM.L,2023-10-31,2026-06-02,2.59,652
LITU.L,2021-12-07,2026-06-02,4.48,1128
LIVP.L,2026-05-28,2026-05-28,0.0,1
LIVU.L,,,0,0
LOCK.L,2018-09-07,2026-06-02,7.73,1952
LOWV.L,2012-10-03,2026-06-02,13.66,3450
LQCE.L,,,0,0
LQDA.L,2017-04-13,2026-06-02,9.14,2305
LQDH.L,2013-09-19,2026-06-02,12.7,3207
LQDS.L,2010-01-04,2026-06-02,16.41,4110
LQEE.L,2017-09-21,2026-06-02,8.7,2195
LQGH.L,2018-03-23,2026-06-02,8.19,2067
LRCY.L,2026-03-30,2026-06-02,0.18,43
LUSA.L,2023-08-17,2026-06-01,2.79,703
LUSC.L,2015-12-02,2026-06-02,10.5,2649
LUXG.L,2014-02-18,2026-06-02,12.28,3101
LVLG.L,2022-07-19,2026-06-02,3.87,975
LXUU.L,2026-05-21,2026-05-21,0.0,1
MACG.L,2020-09-14,2026-06-02,5.71,1442
MAGG.L,2020-09-14,2026-06-02,5.71,1442
MAGI.L,2015-04-14,2026-06-02,11.13,2812
MAGO.L,2025-07-07,2026-06-02,0.9,229
MAMG.L,2020-09-14,2026-06-02,5.71,1442
MARY.L,2026-03-30,2026-06-01,0.17,42
MAXD.L,2026-01-05,2026-06-02,0.41,102
MAXM.L,2026-04-07,2026-06-02,0.15,39
MCHN.L,2021-03-01,2026-06-02,5.25,1324
MCTP.L,2025-11-10,2026-06-02,0.56,139
MCTS.L,2021-06-11,2026-06-02,4.97,1254
MCUU.L,2026-05-20,2026-05-20,0.0,1
MEGA.L,2025-02-18,2026-06-02,1.28,322
META.L,2019-02-27,2026-06-02,7.26,1832
METE.L,2022-09-06,2026-06-02,3.74,942
METY.L,2024-10-11,2026-06-02,1.64,413
MEUD.L,2024-02-09,2026-06-02,2.31,582
MEXS.L,2022-03-29,2026-06-02,4.18,1046
MIDD.L,2010-01-04,2026-06-02,16.41,4144
MIDS.L,2026-01-22,2026-06-02,0.36,90
MINE.L,2023-06-21,2026-06-02,2.95,744
MKUW.L,2019-10-25,2026-06-02,6.6,1665
MLPD.L,2013-05-16,2026-06-02,13.05,3296
MLPQ.L,2013-05-20,2026-06-02,13.03,3293
MLTY.L,2026-03-30,2026-06-02,0.18,43
MMLP.L,2020-07-27,2026-06-02,5.85,1476
MOAT.L,2015-10-16,2026-06-02,10.63,2682
MOTV.L,2024-01-12,2026-06-02,2.39,601
MPXG.L,2022-06-06,2026-06-02,3.99,1008
MRVY.L,2026-03-30,2026-06-02,0.18,43
MSAU.L,2018-06-13,2026-06-02,7.97,2013
MSDU.L,2019-10-24,2026-06-02,6.61,1666
MSEA.L,2025-08-04,2026-06-02,0.83,208
MSEX.L,2015-01-30,2026-06-02,11.34,2863
MSFY.L,2024-10-11,2026-06-02,1.64,413
MSRU.L,2019-01-22,2026-06-02,7.36,1839
MSTY.L,2025-06-16,2026-06-02,0.96,243
MUIY.L,2026-06-02,2026-06-02,0.0,1
MUNI.L,2021-02-10,2026-06-01,5.3,1336
MVEA.L,2025-03-31,2026-06-02,1.17,294
MVED.L,2018-02-23,2026-06-02,8.27,2086
MVEW.L,2020-08-11,2026-06-02,5.81,1463
MVOL.L,2012-11-30,2026-06-02,13.5,3409
MWEQ.L,2024-09-04,2026-06-02,1.74,439
MWIM.L,2026-02-10,2026-06-02,0.31,77
MWOZ.L,2025-02-06,2026-06-02,1.32,330
MWRL.L,2025-02-06,2026-06-02,1.32,330
MXFS.L,2010-04-27,2026-06-02,16.1,4065
MXUK.L,2017-06-07,2026-06-02,8.99,2268
MXUS.L,2010-01-04,2026-06-02,16.41,4142
MXWO.L,2010-01-04,2026-06-02,16.41,4143
N100.L,2025-10-13,2026-06-02,0.64,159
NASD.L,2010-01-04,2026-06-02,16.41,4087
NATE.L,2025-11-11,2026-06-02,0.56,139
NATO.L,2023-07-03,2026-06-02,2.92,738
NATY.L,2025-12-01,2026-06-02,0.5,125
NCLR.L,2025-03-10,2026-06-02,1.23,310
NDIA.L,2018-05-29,2026-06-02,8.01,2024
NESG.L,2021-10-25,2026-06-02,4.6,1159
NFLY.L,2026-06-02,2026-06-02,0.0,1
NFRA.L,2023-08-17,2026-06-02,2.79,703
NGAG.L,2026-05-19,2026-05-19,0.0,1
NGAS.L,2010-01-04,2026-06-02,16.41,4145
NGAU.L,2026-05-19,2026-05-19,0.0,1
NICK.L,2010-01-04,2026-06-02,16.41,4145
NIKU.L,2026-05-27,2026-05-27,0.0,1
NRJL.L,2010-01-04,2026-06-02,16.41,4135
NTSG.L,2024-11-08,2026-06-02,1.56,393
NTSX.L,2023-10-10,2026-06-01,2.64,662
NUCL.L,2023-02-03,2026-06-02,3.33,838
NUKZ.L,2026-04-01,2026-06-02,0.17,41
NVDD.L,2024-08-19,2026-06-02,1.79,450
OIGB.L,2023-03-31,2026-06-02,3.17,797
OIL3.L,,,0,0
OILG.L,2026-06-01,2026-06-01,0.0,1
OILU.L,2026-05-28,2026-05-28,0.0,1
OMXS.L,2016-12-15,2026-06-02,9.46,2386
OPEN.L,2018-09-07,2026-06-02,7.73,1952
ORCY.L,2026-06-01,2026-06-01,0.0,1
PABC.L,2022-06-14,2026-06-01,3.96,1000
PABE.L,2023-03-09,2026-06-02,3.23,814
PACW.L,2025-02-18,2026-06-02,1.28,322
PAVE.L,2021-11-02,2026-06-02,4.58,1153
PAVG.L,2021-11-02,2026-06-02,4.58,1152
PBRT.L,2012-02-27,2026-06-02,14.26,3600
PCOM.L,2021-11-29,2026-06-02,4.51,1134
PCRD.L,2012-02-27,2026-06-02,14.26,3600
PEMD.L,2017-11-17,2026-06-02,8.54,2152
PFFI.L,2025-09-29,2026-06-02,0.67,169
PHAG.L,2010-01-04,2026-06-02,16.41,4145
PHAU.L,2010-01-04,2026-06-02,16.41,4145
PHPD.L,2010-01-04,2026-06-02,16.41,4145
PHPM.L,2010-01-04,2026-06-02,16.41,4145
PHPT.L,2010-01-04,2026-06-02,16.41,4145
PIMT.L,2012-02-27,2026-06-02,14.26,3600
PLAY.L,2024-01-12,2026-06-02,2.39,601
PLTU.L,2026-05-20,2026-05-20,0.0,1
PLTY.L,2025-07-07,2026-06-02,0.9,229
PQVM.L,2017-05-18,2026-06-02,9.04,2283
PRAJ.L,2024-11-11,2026-06-02,1.56,391
PRAM.L,2021-09-14,2026-06-02,4.71,1189
PRFD.L,2017-09-28,2026-06-02,8.68,2190
PRIE.L,2019-01-30,2026-06-02,7.34,1850
PRIG.L,2019-02-05,2026-06-02,7.32,1846
PRJU.L,2019-01-30,2026-06-02,7.34,1834
PRMG.L,,,0,0
PRMU.L,2025-04-15,2025-04-15,0.0,1
PRUK.L,2020-07-07,2026-06-02,5.9,1490
PSRE.L,2010-01-04,2026-06-02,16.41,4144
PSRF.L,2010-01-04,2026-06-02,16.41,4144
PSRM.L,2010-01-04,2026-06-02,16.41,4144
PSRW.L,2010-01-04,2026-06-02,16.41,4144
PUIG.L,2017-11-24,2026-06-02,8.52,2147
QANT.L,2026-01-20,2026-06-02,0.36,91
QCLU.L,2017-03-14,2026-06-02,9.22,2326
QCOY.L,2026-03-30,2026-06-02,0.18,43
QDIV.L,2014-06-06,2026-06-02,11.99,3028
QGRW.L,2024-04-22,2026-06-02,2.11,533
QNTM.L,2025-05-21,2026-06-02,1.03,260
QQIA.L,2026-02-02,2026-06-02,0.33,83
QQQA.L,2025-03-11,2026-06-02,1.23,308
QQQE.L,2025-03-11,2026-06-02,1.23,308
QQQY.L,2024-09-02,2026-06-02,1.75,442
QUAD.L,2025-07-29,2026-06-02,0.84,213
QUS5.L,2024-12-09,2026-06-02,1.48,371
QYLD.L,2022-11-22,2026-06-02,3.53,888
QYLU.L,2022-11-22,2026-06-02,3.53,888
R1GR.L,2023-07-21,2026-06-02,2.87,722
R1VL.L,2023-07-26,2026-06-02,2.85,719
R2US.L,2014-06-30,2026-06-02,11.92,3012
RARE.L,2024-04-22,2026-06-02,2.11,533
RAYS.L,2021-08-02,2026-06-02,4.83,1217
RAYZ.L,2022-02-15,2026-06-02,4.29,1080
RBOD.L,2017-10-19,2026-06-02,8.62,2175
RBOT.L,2016-09-08,2026-06-02,9.73,2456
REMX.L,2021-09-24,2026-06-02,4.69,1180
RENW.L,2020-11-11,2026-06-02,5.56,1400
REUG.L,2022-10-21,2026-06-02,3.61,909
RIEE.L,2023-10-31,2026-06-02,2.59,647
RIEU.L,2019-08-30,2026-06-02,6.76,1705
RIOL.L,2019-03-15,2026-06-02,7.22,1818
RIOY.L,2026-03-30,2026-06-01,0.17,42
RIUS.L,2019-11-26,2026-06-02,6.52,1643
RMAU.L,2020-02-14,2026-06-02,6.3,1588
RMPH.L,2026-06-02,2026-06-02,0.0,1
RNRG.L,2021-12-07,2026-06-02,4.48,1128
ROBO.L,2014-10-23,2026-06-02,11.61,2931
ROE.L,2020-10-08,2026-06-02,5.65,1424
ROLL.L,2018-10-03,2026-06-02,7.66,1934
RRRR.L,2025-07-07,2026-06-02,0.9,228
RSPB.L,2025-01-14,2026-06-02,1.38,348
RTWO.L,2010-01-04,2026-06-02,16.41,4145
RU2K.L,2024-10-21,2026-06-02,1.61,405
RUSB.L,2018-01-30,2022-03-08,4.1,1039
RUSE.L,2018-01-30,2022-03-08,4.1,1039
S100.L,2010-01-04,2026-06-02,16.41,4143
S250.L,2010-01-04,2026-06-02,16.41,4143
S400.L,2014-09-12,2026-06-02,11.72,2958
S5UA.L,2025-08-05,2026-06-02,0.82,207
S600.L,2014-07-03,2026-06-02,11.92,3007
SAEM.L,2018-10-19,2026-06-02,7.62,1922
SAEU.L,2018-10-19,2026-06-02,7.62,1921
SAGE.L,2025-09-24,2026-06-02,0.69,172
SAJP.L,2018-10-19,2026-06-02,7.62,1922
SASU.L,2018-10-19,2026-06-02,7.62,1922
SAUM.L,2018-10-19,2026-06-02,7.62,1921
SAWD.L,2018-10-19,2026-06-02,7.62,1922
SBEG.L,2016-05-10,2026-06-02,10.06,2514
SBEM.L,2016-02-10,2026-06-02,10.31,2600
SBIO.L,2014-11-07,2026-06-02,11.57,2920
SBUS.L,,,0,0
SCWX.L,2024-12-11,2026-06-02,1.47,370
SDEU.L,2012-05-08,2026-06-02,14.07,3552
SDIU.L,2022-02-15,2026-06-02,4.29,1081
SDIV.L,2022-02-15,2026-06-02,4.29,1080
SDJP.L,2018-10-19,2026-06-01,7.62,1921
SDUE.L,2018-10-19,2026-06-02,7.62,1921
SDUS.L,2018-10-19,2026-06-02,7.62,1922
SDWD.L,2018-10-19,2026-06-02,7.62,1922
SE15.L,2010-01-04,2026-06-02,16.41,4143
SEAG.L,2010-01-04,2026-06-01,16.41,4143
SECA.L,2026-01-13,2026-06-02,0.38,97
SEDM.L,2018-10-19,2026-06-02,7.62,1922
SEGA.L,2010-01-04,2026-06-02,16.41,4144
SEGP.L,2024-09-30,2026-06-02,1.67,422
SEMG.L,2010-01-04,2026-06-02,16.41,4106
SEMI.L,2021-08-05,2026-06-02,4.82,1200
SGBS.L,2010-01-04,2026-06-02,16.41,4145
SGIB.L,2025-11-10,2026-06-01,0.56,139
SGIG.L,2025-09-24,2026-06-01,0.68,171
SGLD.L,2010-01-04,2026-06-02,16.41,4144
SGLS.L,2020-07-09,2026-06-02,5.9,1488
SGQX.L,2014-08-08,2026-06-02,11.82,2981
SGSU.L,2019-06-26,2026-06-02,6.93,1751
SGWS.L,2020-10-15,2026-06-02,5.63,1387
SHLD.L,2018-10-30,2026-06-02,7.59,1915
SHOR.L,2026-05-27,2026-05-27,0.0,1
SHYG.L,2010-09-03,2026-06-02,15.75,3974
SILV.L,2022-05-06,2026-06-02,4.07,1026
SIUS.L,,,0,0
SJNK.L,2013-09-19,2026-06-02,12.7,3207
SKYU.L,2018-12-27,2026-06-02,7.43,1874
SLMY.L,2026-05-18,2026-06-02,0.04,11
SLVM.L,2026-04-16,2026-06-02,0.13,32
SLVR.L,2010-01-04,2026-06-02,16.41,4145
SLVY.L,2025-07-07,2026-06-02,0.9,229
SLXX.L,2010-01-04,2026-06-02,16.41,4144
SMCY.L,2026-03-30,2026-06-01,0.17,42
SMEA.L,2010-01-04,2026-06-02,16.41,4064
SMH.L,2020-12-01,2026-06-02,5.5,1385
SMID.L,2024-04-10,2026-06-01,2.14,539
SMTC.L,2025-03-17,2026-06-02,1.21,305
SMUD.L,2018-10-19,2026-06-02,7.62,1921
SNGB.L,2023-09-22,2026-06-01,2.69,679
SNSR.L,2021-11-16,2026-06-02,4.54,1143
SOYB.L,2010-01-04,2026-06-02,16.41,4145
SOYO.L,2010-01-04,2026-06-02,16.41,4145
SOYU.L,2016-11-23,2026-06-01,9.52,2399
SP20.L,2024-11-18,2026-06-02,1.54,385
SP5G.L,2019-02-15,2026-06-02,7.29,1838
SP5S.L,2025-04-17,2026-06-01,1.12,279
SPAL.L,2011-04-13,2026-06-02,15.14,3820
SPED.L,2021-04-06,2026-06-02,5.16,1300
SPEG.L,2025-07-14,2026-06-02,0.88,222
SPEH.L,2018-04-19,2026-06-01,8.12,2049
SPEQ.L,2021-04-06,2026-06-02,5.16,1300
SPMD.L,2018-02-21,2026-06-02,8.28,2089
SPMV.L,2012-11-30,2026-06-02,13.5,3409
SPPB.L,2022-10-07,2026-06-01,3.65,920
SPPT.L,2011-04-13,2026-06-02,15.14,3820
SPPY.L,2019-12-02,2026-06-02,6.5,1637
SPQA.L,2025-06-23,2026-06-01,0.94,237
SPQB.L,2023-02-21,2026-06-02,3.28,826
SPQH.L,2023-02-21,2026-06-02,3.28,826
SPUT.L,2025-03-03,2026-06-02,1.25,315
SPWI.L,2026-04-27,2026-06-02,0.1,25
SPWR.L,2025-04-17,2026-06-02,1.13,280
SPXD.L,2019-06-07,2026-06-02,6.99,1762
SPXE.L,2020-03-10,2026-06-02,6.23,1571
SPXL.L,2023-10-31,2026-06-02,2.59,651
SPXS.L,2010-05-25,2026-06-02,16.02,4038
SPY4.L,2012-01-30,2026-06-02,14.34,3620
SPY5.L,2012-03-19,2026-06-02,14.2,3585
SPYY.L,2024-09-02,2026-06-02,1.75,442
SRHE.L,2020-03-10,2026-06-02,6.23,1529
SRIU.L,2020-05-13,2026-06-02,6.05,1526
SRUG.L,2020-05-07,2026-06-02,6.07,1531
SRWG.L,2020-05-07,2026-06-02,6.07,1531
SSLV.L,2011-04-13,2026-06-02,15.14,3820
STEA.L,2017-12-11,2026-06-02,8.47,2137
STHE.L,2013-10-16,2026-06-02,12.63,3188
STHS.L,2015-11-16,2026-06-02,10.54,2660
STHY.L,2012-03-14,2026-06-02,14.22,3588
STPH.L,2023-05-16,2026-06-02,3.05,771
STPU.L,2019-07-18,2026-06-01,6.87,1734
STT6.L,2026-05-18,2026-06-02,0.04,11
SUAP.L,2021-05-21,2026-06-02,5.03,1269
SUAS.L,2016-07-11,2026-06-02,9.89,2499
SUGA.L,2010-01-04,2026-06-02,16.41,4145
SUJP.L,2017-03-03,2026-06-02,9.25,2334
SUKC.L,2014-02-17,2026-06-02,12.29,3103
SUOE.L,2018-06-27,2026-06-02,7.93,2003
SUOG.L,2019-07-30,2026-06-02,6.84,1727
SUOP.L,2021-05-21,2026-06-02,5.03,1269
SUSC.L,2013-08-27,2026-06-02,12.76,3224
SUSM.L,2016-07-11,2026-06-02,9.89,2481
SUSS.L,2016-01-07,2026-06-02,10.4,2625
SUSU.L,2018-12-12,2026-06-02,7.47,1884
SUSW.L,2017-10-12,2026-06-02,8.64,2179
SUWS.L,2017-10-12,2026-06-02,8.64,2175
SWLH.L,2023-07-19,2026-06-02,2.87,725
SWRD.L,2019-02-26,2026-06-02,7.26,1832
SX5S.L,2014-07-03,2026-06-02,11.92,3008
SXEW.L,2025-12-01,2026-06-01,0.5,123
SXLB.L,2015-07-07,2026-06-02,10.9,2754
SXLC.L,2018-08-15,2026-06-02,7.8,1967
SXLE.L,2015-07-07,2026-06-02,10.9,2754
SXLF.L,2015-07-07,2026-06-02,10.9,2754
SXLI.L,2015-07-07,2026-06-02,10.9,2754
SXLK.L,2015-07-07,2026-06-02,10.9,2754
SXLP.L,2015-07-07,2026-06-02,10.9,2754
SXLU.L,2015-07-07,2026-06-02,10.9,2754
SXLV.L,2015-07-07,2026-06-02,10.9,2754
SXLY.L,2015-07-07,2026-06-02,10.9,2754
SYLD.L,2025-05-27,2026-06-02,1.02,256
TDIV.L,2016-05-23,2026-06-02,10.03,2530
TDVX.L,2026-04-20,2026-06-02,0.12,30
TEND.L,2026-01-05,2026-06-01,0.4,101
TENM.L,2026-04-07,2026-06-01,0.15,38
TFRN.L,2019-03-21,2026-06-02,7.2,1816
TI5G.L,2018-03-05,2026-06-02,8.24,2081
TIGB.L,2020-01-21,2026-06-02,6.36,1605
TIGR.L,2021-10-28,2026-06-02,4.59,1157
TINM.L,2010-01-04,2026-06-02,16.41,4145
TIP5.L,2017-04-20,2026-06-02,9.12,2302
TIPS.L,2015-12-02,2026-06-02,10.5,2649
TIPU.L,2016-07-29,2026-06-02,9.84,2485
TLTY.L,2025-07-07,2026-06-01,0.9,228
TMGT.L,2026-03-23,2026-06-01,0.19,47
TRE3.L,2019-01-11,2026-06-02,7.39,1864
TRE7.L,2019-01-11,2026-06-02,7.39,1864
TREI.L,2020-01-21,2026-06-02,6.36,1605
TRES.L,2019-01-11,2026-06-02,7.39,1864
TRET.L,2011-03-09,2026-06-02,15.23,3841
TREX.L,2019-01-11,2026-06-02,7.39,1864
TRS3.L,2013-08-27,2026-06-02,12.76,3224
TRSY.L,2011-06-03,2026-06-02,15.0,3785
TRYP.L,2021-06-04,2026-06-02,4.99,1260
TSGB.L,2013-05-03,2026-06-02,13.08,3299
TSLD.L,2024-08-19,2026-06-02,1.79,450
TSMY.L,2026-06-02,2026-06-02,0.0,1
TURU.L,2010-01-04,2026-06-02,16.41,4091
TXNY.L,2026-03-30,2026-06-02,0.18,43
U127.L,2023-03-24,2026-06-02,3.19,804
U71G.L,2016-05-17,2026-06-02,10.04,2535
UB02.L,2012-06-28,2026-06-02,13.93,3496
UB0D.L,2017-07-31,2026-06-02,8.84,2232
UB39.L,2011-08-18,2026-06-02,14.79,3730
UBTS.L,2016-09-30,2026-06-02,9.67,2437
UBXX.L,2018-03-08,2026-06-02,8.24,2076
UC04.L,2012-04-11,2026-06-02,14.14,3570
UC07.L,2012-04-11,2026-06-02,14.14,3570
UC15.L,2010-12-21,2026-06-02,15.45,3870
UC44.L,2011-08-19,2026-06-02,14.79,3729
UC46.L,2011-08-18,2026-06-02,14.79,3730
UC79.L,2014-09-04,2026-06-02,11.74,2965
UC96.L,2015-09-23,2026-06-02,10.69,2696
UC98.L,2015-07-23,2026-06-02,10.86,2742
UC99.L,2015-09-23,2026-06-02,10.69,2696
UCLO.L,2025-12-16,2026-06-01,0.46,111
UDIV.L,2025-01-14,2026-06-02,1.38,349
UDVD.L,2011-10-14,2026-06-02,14.63,3693
UFSD.L,2018-02-21,2026-06-02,8.28,2089
UGAS.L,2010-01-04,2026-06-02,16.41,4145
UGRW.L,2023-11-13,2026-06-02,2.55,644
UHYC.L,2024-02-19,2026-06-02,2.28,577
UINC.L,2016-04-14,2026-06-02,10.13,2557
UKCO.L,2012-05-17,2026-06-02,14.04,3545
UKDV.L,2012-02-28,2026-06-02,14.26,3599
UKIG.L,2026-03-09,2026-06-01,0.23,57
UKRE.L,2015-03-16,2026-06-02,11.21,2831
UKRN.L,2026-03-11,2026-06-02,0.23,56
UKSD.L,2025-09-08,2026-06-02,0.73,184
UKSR.L,2014-10-15,2026-06-02,11.63,2936
UNHY.L,2026-06-02,2026-06-02,0.0,1
UPAD.L,2022-04-29,2026-06-02,4.09,1031
URND.L,2022-10-28,2026-06-02,3.59,904
URNJ.L,2024-02-26,2026-06-02,2.26,572
URNM.L,2022-05-03,2026-06-02,4.08,1030
URNU.L,2022-04-22,2026-06-02,4.11,1035
URNY.L,2026-06-02,2026-06-02,0.0,1
US10.L,2018-10-26,2026-06-01,7.6,1914
US13.L,2010-12-01,2026-06-02,15.5,3892
US37.L,2010-12-01,2026-06-02,15.5,3909
USAG.L,2011-06-03,2026-06-02,15.0,3787
USDB.L,2025-10-20,2026-06-01,0.61,153
USDC.L,2021-01-15,2026-06-01,5.37,1355
USEE.L,2024-08-05,2026-06-02,1.82,460
USFM.L,2017-04-27,2026-06-01,9.1,2295
USFR.L,2019-03-21,2026-06-02,7.2,1816
USIG.L,2024-02-19,2026-06-02,2.28,577
USMC.L,2025-05-07,2026-06-02,1.07,271
USML.L,2019-01-29,2026-06-02,7.34,1853
USPA.L,2020-07-29,2026-06-02,5.84,1473
USPY.L,2015-09-23,2026-06-02,10.69,2700
USSC.L,2015-02-18,2026-06-02,11.29,2849
USVL.L,2015-02-18,2026-06-02,11.29,2849
UYLA.L,2026-03-09,2026-06-02,0.23,58
UYLD.L,2026-02-25,2026-06-01,0.26,65
UYLG.L,2026-02-25,2026-06-02,0.27,66
V3AA.L,2021-03-23,2026-06-02,5.19,1308
V3AL.L,2021-03-23,2026-06-02,5.19,1308
V3EA.L,2022-08-16,2026-06-02,3.79,956
V3EL.L,2022-08-16,2026-06-02,3.79,956
V3GD.L,2021-05-20,2026-06-02,5.03,1269
V3GP.L,2021-05-20,2026-06-02,5.03,1269
V3GS.L,2021-05-20,2026-06-02,5.03,1269
V3MB.L,2022-10-11,2026-06-02,3.64,917
V3MM.L,2022-10-11,2026-06-02,3.64,917
V3NB.L,2022-08-18,2026-06-02,3.79,953
V3PB.L,2022-10-11,2026-06-02,3.64,917
V3PM.L,2022-10-11,2026-06-02,3.64,917
VAGP.L,2019-06-18,2026-06-02,6.96,1756
VAGS.L,2019-06-18,2026-06-02,6.96,1756
VAGU.L,2019-06-18,2026-06-02,6.96,1756
VAPU.L,2019-09-24,2026-06-02,6.69,1687
VDCA.L,2019-02-19,2026-06-02,7.28,1837
VDCP.L,2016-02-24,2026-06-02,10.27,2592
VDEA.L,2019-02-19,2026-06-02,7.28,1837
VDEM.L,2012-05-22,2026-06-02,14.03,3542
VDET.L,2016-12-06,2026-06-02,9.49,2393
VDEV.L,2014-09-30,2026-06-02,11.67,2947
VDJP.L,2013-05-21,2026-06-02,13.03,3292
VDNR.L,2014-09-30,2026-06-02,11.67,2947
VDPA.L,2019-02-19,2026-06-02,7.28,1837
VDPX.L,2013-05-21,2026-06-02,13.03,3292
VDST.L,2020-09-02,2026-06-02,5.75,1447
VDTA.L,2019-02-19,2026-06-02,7.28,1837
VDTY.L,2016-02-24,2026-06-02,10.27,2592
VDUC.L,2018-05-22,2026-06-02,8.03,2027
VECP.L,2016-02-24,2026-06-02,10.27,2591
VEGB.L,2022-06-24,2026-06-02,3.94,992
VERG.L,2019-07-23,2026-06-02,6.86,1730
VERX.L,2014-09-30,2026-06-02,11.67,2946
VETY.L,2016-02-24,2026-06-02,10.27,2591
VEUR.L,2013-05-21,2026-06-02,13.03,3291
VFEA.L,2019-09-24,2026-06-02,6.69,1687
VGCA.L,2024-04-02,2026-06-02,2.17,547
VGER.L,2018-07-17,2026-06-02,7.88,1987
VGGP.L,2025-03-25,2026-06-02,1.19,298
VGGS.L,2025-03-25,2026-06-02,1.19,298
VGOV.L,2012-05-22,2026-06-02,14.03,3542
VGPA.L,2021-05-25,2026-06-02,5.02,1266
VGVA.L,2019-02-19,2026-06-02,7.28,1837
VHVE.L,2019-09-24,2026-06-02,6.69,1687
VHYA.L,2019-09-24,2026-06-02,6.69,1687
VHYD.L,2013-05-21,2026-06-02,13.03,3292
VITD.L,2026-06-01,2026-06-01,0.0,1
VJPA.L,2019-09-24,2026-06-02,6.69,1687
VJPU.L,2020-01-31,2026-06-02,6.34,1597
VLDP.L,2026-06-02,2026-06-02,0.0,1
VLUE.L,2025-12-15,2026-06-02,0.46,114
VMID.L,2014-09-30,2026-06-02,11.67,2947
VMIG.L,2019-05-14,2026-06-02,7.05,1780
VNRA.L,2019-07-23,2026-06-02,6.86,1731
VOLT.L,2020-02-26,2026-06-02,6.26,1580
VPCU.L,2024-04-08,2026-06-01,2.15,543
VPN.L,2021-12-07,2026-06-02,4.48,1128
VRPS.L,2018-10-03,2026-06-02,7.66,1933
VUAA.L,2019-05-14,2026-06-02,7.05,1780
VUDY.L,2026-06-01,2026-06-01,0.0,1
VUKE.L,2012-05-22,2026-06-02,14.03,3542
VUKG.L,2019-05-14,2026-06-02,7.05,1780
VUSD.L,2012-05-22,2026-06-02,14.03,3542
VWCG.L,2019-07-23,2026-06-02,6.86,1730
VWRA.L,2019-07-23,2026-06-02,6.86,1731
VWRD.L,2012-05-22,2026-06-02,14.03,3542
WATL.L,2010-01-04,2026-06-02,16.41,4143
WATT.L,2022-03-03,2026-06-02,4.25,1070
WBLK.L,2022-09-07,2026-06-02,3.73,942
WCBR.L,2021-01-25,2026-06-02,5.35,1350
WCCA.L,2023-04-13,2026-06-01,3.13,791
WCLD.L,2019-09-03,2026-06-02,6.75,1703
WCOA.L,2016-04-27,2026-06-02,10.1,2550
WCOD.L,2010-01-04,2026-06-02,16.41,4073
WCOG.L,2016-04-27,2026-06-02,10.1,2549
WCOM.L,2018-08-14,2026-06-02,7.8,1969
WCOS.L,2010-01-04,2026-06-02,16.41,4074
WDAF.L,2026-04-01,2026-06-02,0.17,41
WDEF.L,2025-03-12,2026-06-02,1.22,306
WDESGE.L,,,0,0
WDGF.L,2026-04-01,2026-06-01,0.17,40
WDNA.L,2021-12-03,2026-06-02,4.5,1131
WDSC.L,2013-11-25,2026-06-02,12.52,3160
WDTE.L,2023-04-12,2026-06-02,3.14,793
WEAT.L,2010-01-04,2026-06-02,16.41,4145
WEB3.L,2022-03-15,2026-06-02,4.22,1062
WEEC.L,2025-10-13,2026-06-02,0.64,159
WELL.L,2019-04-04,2026-06-02,7.16,1806
WEM.L,2026-04-16,2026-06-02,0.13,32
WENG.L,2025-01-07,2026-06-02,1.4,354
WENS.L,2022-06-30,2026-06-02,3.92,988
WENT.L,2022-03-03,2026-06-02,4.25,1070
WENU.L,2025-01-07,2026-06-02,1.4,354
WETP.L,2024-05-28,2026-06-02,2.01,508
WEXU.L,2025-02-18,2026-06-02,1.28,322
WFIN.L,2010-01-04,2026-06-02,16.41,4074
WGLD.L,2020-11-30,2026-06-02,5.5,1387
WGRO.L,2025-02-24,2026-06-01,1.26,319
WHCA.L,2021-11-05,2026-06-02,4.57,1135
WHCG.L,2023-04-12,2026-06-02,3.14,792
WHEA.L,2010-01-04,2026-06-02,16.41,4074
WIAU.L,2018-04-10,2026-06-02,8.15,2057
WIGG.L,2018-04-10,2026-06-02,8.15,2057
WINC.L,2024-04-02,2026-06-02,2.17,547
WINF.L,2026-03-16,2026-06-02,0.21,53
WING.L,2016-06-21,2026-06-02,9.95,2513
WIRE.L,2026-03-31,2026-06-02,0.17,42
WITS.L,2024-01-12,2026-06-02,2.39,601
WMAT.L,2010-01-04,2026-06-02,16.41,4074
WMGT.L,2023-12-05,2026-06-02,2.49,628
WMVG.L,2019-02-27,2026-06-02,7.26,1832
WNDI.L,2022-09-13,2026-06-02,3.72,934
WNDU.L,2010-01-04,2026-06-02,16.41,4074
WNDY.L,2022-02-08,2026-06-02,4.31,1086
WNER.L,2022-02-07,2026-06-01,4.31,1087
WNRG.L,2010-01-04,2026-06-02,16.41,4074
WOEE.L,2024-08-05,2026-06-02,1.82,460
WOOD.L,2010-01-04,2026-06-02,16.41,4143
WPAI.L,2026-02-19,2026-06-02,0.28,69
WQDV.L,2017-06-12,2026-06-02,8.97,2267
WQTM.L,2025-09-05,2026-06-02,0.74,185
WRDA.L,2019-06-07,2026-06-02,6.99,1731
WRDD.L,2012-04-11,2026-06-02,14.14,3570
WRDG.L,2024-04-24,2026-06-02,2.11,532
WRNW.L,2023-06-06,2026-06-02,2.99,757
WSCD.L,2025-03-24,2026-06-02,1.19,299
WSDG.L,2024-06-07,2026-06-02,1.98,502
WSLV.L,2024-08-27,2026-06-02,1.76,446
WSML.L,2018-03-27,2026-06-02,8.18,2065
WTAI.L,2018-11-30,2026-06-02,7.5,1892
WTEC.L,2010-01-04,2026-06-02,16.41,4074
WTEL.L,2010-01-04,2026-06-02,16.41,4073
WTHR.L,2026-03-30,2026-06-02,0.18,43
WTID.L,2015-03-31,2026-06-02,11.17,2821
WTIY.L,2026-06-02,2026-06-02,0.0,1
WTRE.L,2022-02-07,2026-06-02,4.31,1088
WTVG.L,2025-12-15,2026-06-01,0.46,114
WTVU.L,2025-12-15,2026-06-02,0.46,115
WUTI.L,2010-01-04,2026-06-02,16.41,4074
WVAL.L,2020-09-02,2026-06-02,5.75,1449
WWTU.L,2026-06-01,2026-06-01,0.0,1
WXAG.L,2021-10-06,2026-06-02,4.65,1173
WXBT.L,2019-12-02,2026-06-02,6.5,1637
X7PP.L,2014-06-30,2026-06-02,11.92,3011
XAAA.L,2025-02-10,2026-06-02,1.31,330
XAIX.L,2024-08-29,2026-06-02,1.76,443
XBAK.L,2012-07-04,2026-06-02,13.91,3513
XBNK.L,2024-10-14,2026-06-02,1.63,412
XCS3.L,2010-06-24,2026-06-02,15.94,4020
XCS4.L,2010-06-24,2026-06-02,15.94,4019
XCS6.L,2010-11-18,2026-06-02,15.54,3920
XCSI.L,2024-08-05,2026-06-02,1.82,461
XCX5.L,2010-06-24,2026-06-02,15.94,4022
XD3E.L,2010-01-04,2026-06-02,16.41,4143
XDAX.L,2010-01-04,2026-06-02,16.41,4096
XDEB.L,2014-09-05,2026-06-02,11.74,2964
XDEM.L,2014-09-05,2026-06-02,11.74,2964
XDEQ.L,2014-09-11,2026-06-02,11.72,2960
XDER.L,2010-03-25,2026-06-02,16.19,4085
XDEV.L,2014-09-11,2026-06-02,11.72,2960
XDEW.L,2014-06-10,2026-06-02,11.98,3027
XDEX.L,2015-02-27,2026-06-02,11.26,2843
XDG6.L,2023-01-18,2026-06-02,3.37,851
XDJP.L,2013-01-25,2026-06-02,13.35,3370
XDN0.L,2013-09-04,2026-06-02,12.74,3218
XDPG.L,2015-02-27,2026-06-02,11.26,2843
XDPU.L,2022-06-08,2026-06-02,3.98,1006
XDUS.L,2014-07-03,2026-06-02,11.92,3004
XDW0.L,2010-11-22,2026-06-02,15.53,3893
XDWC.L,2010-11-22,2026-06-02,15.53,3893
XDWD.L,2014-07-22,2026-06-02,11.86,2996
XDWF.L,2010-11-22,2026-06-02,15.53,3893
XDWG.L,2017-07-31,2026-06-02,8.84,2232
XDWH.L,2010-11-22,2026-06-02,15.53,3893
XDWI.L,2010-11-22,2026-06-02,15.53,3893
XDWM.L,2010-11-22,2026-06-02,15.53,3893
XDWP.L,2023-01-09,2026-06-02,3.39,856
XDWS.L,2010-11-22,2026-06-02,15.53,3893
XDWT.L,2010-11-22,2026-06-02,15.53,3893
XDWU.L,2010-11-22,2026-06-02,15.53,3893
XDWY.L,2018-08-21,2026-06-02,7.78,1962
XESX.L,2010-01-04,2026-06-02,16.41,4143
XEUM.L,2010-01-04,2026-06-02,16.41,4144
XFFE.L,2010-01-04,2026-06-02,16.41,4075
XFNT.L,2022-07-12,2026-06-02,3.89,908
XFRM.L,2012-11-21,2026-06-01,13.52,3415
XFVT.L,2010-01-04,2026-06-02,16.41,4143
XG7S.L,2013-08-14,2026-06-02,12.8,3230
XGDG.L,2020-05-21,2026-06-02,6.03,1522
XGDU.L,2020-04-22,2026-06-02,6.11,1542
XGLD.L,2010-06-15,2026-06-02,15.96,4033
XGLS.L,2011-04-01,2026-06-02,15.17,3828
XGSD.L,2010-01-04,2026-06-02,16.41,4143
XGSG.L,2011-08-24,2026-06-02,14.77,3729
XLBS.L,2010-01-04,2026-06-02,16.41,4143
XLCS.L,2018-09-18,2026-06-02,7.7,1945
XLES.L,2010-01-04,2026-06-02,16.41,4143
XLFS.L,2010-01-04,2026-06-02,16.41,4144
XLIS.L,2010-01-04,2026-06-02,16.41,4143
XLKS.L,2010-01-04,2026-06-02,16.41,4143
XLPE.L,2010-01-04,2026-06-02,16.41,4143
XLPS.L,2010-01-04,2026-06-02,16.41,4143
XLUS.L,2010-01-04,2026-06-02,16.41,4143
XLVS.L,2010-01-04,2026-06-02,16.41,4143
XLYS.L,2010-01-04,2026-06-02,16.41,4144
XMCX.L,2010-01-04,2026-06-02,16.41,4143
XMEM.L,2010-01-04,2026-06-02,16.41,4144
XMEU.L,2010-01-04,2026-06-02,16.41,4144
XMID.L,2010-03-02,2026-06-02,16.25,4097
XMJP.L,2010-01-04,2026-06-02,16.41,4143
XMMS.L,2017-06-21,2026-06-02,8.95,2257
XMTD.L,2010-01-04,2026-06-02,16.41,4093
XMUD.L,2010-01-04,2026-06-02,16.41,4123
XMVU.L,2016-11-08,2026-06-02,9.56,2414
XMWD.L,2010-01-04,2026-06-02,16.41,4119
XMXD.L,2010-01-04,2026-06-02,16.41,4144
XNAS.L,2021-01-21,2026-06-02,5.36,1352
XNGS.L,2022-07-12,2026-06-02,3.89,917
XNIF.L,2010-01-04,2026-06-02,16.41,4144
XNNV.L,2022-07-12,2026-06-02,3.89,968
XPHG.L,2011-04-12,2026-06-02,15.14,3816
XPPT.L,2020-04-16,2026-06-01,6.12,1545
XRES.L,2016-02-17,2026-06-02,10.29,2598
XRH0.L,2011-05-19,2026-06-02,15.04,3798
XRSU.L,2015-03-06,2026-06-02,11.24,2838
XS3R.L,2010-01-04,2026-06-02,16.41,4143
XS6R.L,2010-01-04,2026-06-02,16.41,4144
XS8R.L,2010-01-04,2026-06-02,16.41,4143
XSCS.L,2018-08-06,2026-06-02,7.82,1973
XSDR.L,2010-01-04,2026-06-02,16.41,4144
XSEN.L,2017-09-12,2026-06-02,8.72,2199
XSFN.L,2018-04-27,2026-06-02,8.1,2042
XSGI.L,2010-01-04,2026-06-02,16.41,4143
XSLR.L,2020-04-29,2026-06-02,6.09,1537
XSOE.L,2021-08-18,2026-06-02,4.79,1207
XSPX.L,2010-03-26,2026-06-02,16.19,4084
XSTR.L,2010-01-04,2026-06-02,16.41,4134
XSWC.L,2025-08-05,2026-06-02,0.82,208
XSX6.L,2010-01-04,2026-06-02,16.41,4143
XUEK.L,2019-01-14,2026-06-02,7.38,1863
XUEM.L,2018-05-09,2026-06-01,8.06,2034
XUES.L,2026-05-11,2026-06-02,0.06,16
XUFB.L,2018-12-03,2026-06-02,7.5,1890
XUHC.L,2017-09-12,2026-06-02,8.72,2202
XUHG.L,2022-06-15,2026-06-02,3.96,1001
XUHY.L,2018-02-06,2026-06-02,8.32,2100
XUKX.L,2010-01-04,2026-06-02,16.41,4144
XUSE.L,2025-04-22,2026-06-02,1.11,280
XUT3.L,2010-01-04,2026-06-02,16.41,4145
XUTC.L,2017-09-12,2026-06-02,8.72,2202
XUTD.L,2010-01-04,2026-06-02,16.41,4145
XWD1.L,2022-06-30,2026-06-02,3.92,988
XWQS.L,2023-07-05,2026-06-02,2.91,735
XWTS.L,2010-11-22,2026-06-02,15.53,3893
XX25.L,2010-01-04,2026-06-02,16.41,4144
XXSC.L,2010-01-04,2026-06-02,16.41,4144
XYLU.L,2023-07-11,2026-06-02,2.89,731
XZDW.L,2023-09-13,2026-06-02,2.72,687
XZEM.L,2019-10-15,2026-06-02,6.63,1673
XZMJ.L,2018-04-24,2026-06-02,8.11,2047
XZMU.L,2018-05-08,2026-06-02,8.07,2038
XZW0.L,2018-04-24,2026-06-02,8.11,2047
YAMD.L,2025-07-07,2026-06-02,0.9,229
YMAG.L,2025-03-31,2026-06-02,1.17,294
YMST.L,2025-07-07,2026-06-02,0.9,229
YSEM.L,2026-03-30,2026-06-02,0.18,43
ZINC.L,2010-01-04,2026-06-02,16.41,4145
